F7,F3,Fz,F4,F8,FC5,FC1,FC2,FC6,T7,C3,Cz,C4,T8,CP5,CP1,CP2,CP6,P7,P3,Pz,P4,P8,PO3,O1,PO4,O2,F9,F10,Fp2,Label
1.266485241719056,1.0723223104979842,0.9179639274906367,0.11373219718923792,-0.6327242949418723,0.2879198377393186,0.7165864628646523,0.4330611249152571,-0.3772513555362821,-0.329823883138597,0.37175975343212486,0.5782924854569137,-0.1262806188315153,-1.0459727856516838,-0.2865003717737272,0.40698855742812157,0.10978346247226,-0.6875574721489102,-1.0728253962099552,-0.08854643304133787,0.041740803346037865,-0.3085446197167039,-1.2113760554883628,-0.5770536838751287,-1.2092338333278894,-0.5889939680323004,-1.362667469792068,0.6721386352926493,-0.8644952859333717,5.252526995874941,0
1.105715418056352,0.5833134696193156,0.410039880014956,0.3128301887540147,-0.5716101600043476,0.23794032715260982,0.05098019085824489,0.27758120351471005,-0.43342935013584794,-0.2653310784394853,0.06342841883189976,0.08903073124412914,-0.03333900541067123,-0.8349547746777535,0.019630802241736092,0.11970324357971548,0.0022946049645543097,-0.5552183025295381,-0.38532891835086047,0.013324241004884243,0.021515633277595043,-0.2926559687661938,-0.8385850609128829,-0.27251667737029495,-0.5830822686851025,-0.3164635175978765,-0.8612674182839691,0.5984850433678366,-0.777850615568459,4.531444298550486,0
0.9837339467927814,0.3670510385930538,0.17780310928821563,0.021291241152212023,-0.6275751724280417,0.20034277578815818,-0.08618245892226696,0.12414584350772202,-0.22639450062066316,0.19568611740134656,-0.02290678469464183,-0.029142307043075563,0.14111322149634362,-0.6665769275277853,0.1613680366612971,-0.14632108442485334,0.0158953957259655,-0.2542232132423669,0.22944472689647227,-0.07210306789726019,-0.23816019139252603,-0.21002902392996475,-0.40081640406511726,-0.12344502985477447,0.030584914376959205,-0.40249908808618784,-0.31922034777700903,0.4902734339982271,-0.8496817537996685,3.1073837650567295,0
1.1238361960882322,0.9741201115361764,0.591765824407339,0.09885760188102723,-0.6393090903852134,0.4780763913714327,0.48761578045319764,0.19323103122413157,-0.24199157210066916,0.36317422429099677,0.27592585837934164,0.14043857043143362,-0.0027098002657294272,-0.492864974886179,0.1501999766290828,-0.02116096131503582,-0.17647402317263186,-0.3803236160054803,-0.03729013915988617,-0.22842827271670102,-0.4696450786665082,-0.4791156928834971,-0.7484112677583471,-0.4591302348300815,-0.2119013378676027,-0.9214080975949764,-0.7877453637495637,0.8178793116984889,-0.8280036870343611,2.6961055541038514,0
1.1782237629406154,1.0456830855831505,0.5727345800446346,0.1279136706015561,-0.8095717006921768,0.5651166333979927,0.4493457650206983,0.0605523100332357,-0.43704361581476403,0.36749770743772386,0.309152716815006,0.00475935721769929,-0.30690328425960617,-0.7068381578242406,0.1574524998292327,0.13032824654132127,-0.3404698500724044,-0.5469956803042442,-0.20179584501311182,-0.003188285678625107,-0.24231431044638158,-0.31902899254113437,-0.527534249573946,-0.34221074464730916,-0.26240589659661057,-0.6405113147944212,-0.5619996634940617,1.0929407920874654,-0.8984159373515286,2.058601278848946,0
0.8957556315138936,0.4432248643040657,0.447138802325353,0.30972548101097347,-0.46283579734154046,0.2192585807130672,0.19112768557853996,0.21164298666641115,-0.2163001957302913,0.3137356377579272,0.07528169865719975,0.09257931221276522,-0.1187793951947242,-0.5841835906356573,-0.06061833942309022,-0.034116074601188304,-0.14511104450328274,-0.2940655985073317,-0.2283426085906103,-0.08938651739386842,-0.06897113052662462,-0.2358191559277475,-0.4683178174123168,-0.26299905562773346,-0.38200039707124234,-0.5113397862017155,-0.49616525510326026,0.8910554770566523,-0.5628549351915717,1.6704490643180907,0
0.6281468509417028,0.15484435006976127,0.1489570624101907,0.2651583723700605,-0.3479534645512467,0.06555059699341655,0.12518010564148427,0.15815708741545678,-0.2390142698807176,0.04527180594857782,0.01830064383568242,0.05587452339474112,0.13809317900668247,-0.4585673213354312,-0.17794740986078977,-0.1482275331998244,0.03127926878631115,-0.08454307257197798,-0.12462884237989784,-0.14330288276541978,-0.031752723422832786,-0.04908211895264685,-0.438330724821426,-0.15884715821594,-0.16850252393633128,-0.04491953495889902,-0.18354808133095502,0.5569919763877987,-0.4795529520511627,1.423544975221157,0
0.520519878026098,0.16383126152679325,-0.05665625784546137,-0.23689720663242042,-0.3838439118117094,0.21047104858327656,0.030657350677065553,-0.15629175401001702,-0.24196263095363973,0.013141269645420834,0.053209567703306676,-0.0658481880556792,0.15258157502859832,0.011236963090486824,-0.06265116504393518,-0.18911445159465073,0.2138181987591088,0.18408793093636633,-0.3173664737306535,-0.2022059654875193,0.0055208352021873,0.23895150642842056,0.11220066125504673,-0.3428999039530754,-0.1823899528943002,0.3209753816574812,0.15207568546291442,0.46658455359051004,-0.4995810722280294,0.6657692484930158,0
0.4659219456743449,0.2698906578132301,0.2847305091330782,-0.022239197329618036,0.23067951191682368,0.230200375886634,0.20200240723323076,-0.010255140005610883,0.15937065254198388,-0.06690345800947398,0.03577034322544932,0.17156929913908242,0.24028415545646567,0.33814245119690894,-0.20565373906400056,-0.1344962724018842,0.21340764192398637,0.30945731204003096,-0.6957104295492172,-0.49539367884397506,-0.32565075118094683,-0.0687552884221077,-0.046923602633178234,-0.8598831339599564,-0.8326675813831389,-0.4200596679374576,-0.5527913681964856,0.47007082011550666,0.1662128143152222,0.885269799339585,0
0.20140113765373827,-0.02477666809456423,0.07071625872980804,0.21331730932928622,0.20519897095859052,0.002293502378743142,-0.13024940521456302,0.028913548160344364,0.2913325751881348,0.03418149830773473,-0.3466196634247899,-0.032927263821475206,0.009246330969035625,0.149686239361763,-0.16170437460998074,-0.19266287656733766,-0.06322156734764577,0.10823177837271941,-0.16309684389387258,-0.08972464824095368,-0.11625208638608456,-0.021822250238619743,-0.16145168482325972,-0.1652681378275156,-0.2246773158526048,-0.05456017745193094,-0.2233738633990288,0.22928546123206617,0.19967572807450779,0.39779123046435416,0
0.3779121808335185,-0.4259723915159702,-0.5162699527060614,-0.18506265006028116,-0.02476330985315144,-0.15994709435850382,-0.7631512119527906,-0.5324861873546616,-0.21611508092842996,0.17925677800551057,-0.6116109798010438,-0.5757910060975701,-0.46640240320935844,0.043824682442937045,-0.018793775074882432,-0.30937976829707625,-0.27383200714364647,-0.04460904937237501,0.4805313639342785,0.44671035499311984,0.29687045627273617,0.1431778861535713,0.2114833757095039,0.69704623199068,0.7660436230711639,0.5445721847657115,0.5577697855699807,0.40145600833930073,-0.016400642637163402,-0.16620794907212258,0
0.3461128096655011,-0.29682452777866275,-0.44189918466843664,-0.7413016002997757,0.027480701520107686,0.031204490838572383,-0.3976361404289491,-0.614635776327923,-0.4383467739704065,0.2711829063291884,-0.0705183888413012,-0.3676575944572687,-0.47815822300501165,-0.03927575963549316,0.1813228375837207,0.16634222025051712,-0.2954416768811643,-0.22900706425192766,0.7708770924294367,0.5731579210114797,0.17399400760652498,-0.17828840577974917,0.1376657302980311,0.6581421216530725,0.7330631101783365,-0.09626206220127642,0.3422846353659406,0.3095995884994045,0.059364940598607065,-0.38151986605487764,0
-0.41439123688265683,-0.45431370864622295,-0.3989757999032736,-0.3965989154210547,-0.0526890753954649,-0.14184481387026607,-0.1624172423547134,-0.442657880843617,-0.07376584772020578,0.16020653821527958,0.26156236428767443,-0.10770653015002608,-0.31426085835322737,0.05421263163909316,0.27520725000649693,0.45344429871067404,-0.19129091825336217,-0.09813962143845856,0.7221086546545848,0.4699026024155319,0.15652769159991295,-0.08098545656073838,0.41100432905368506,0.5925488085672259,0.6040999751631171,0.1603908965177834,0.7005725706182421,-0.2732000555843115,0.020837929295375944,-1.3946669029304757,0
-0.6077555467560888,-0.7412220008671284,-0.6343087274534628,-0.014901832826435566,0.2967822246905416,-0.442311590583995,-0.6292885762732476,-0.4309282006323338,0.19158813619054854,0.12603887036442757,-0.159235114492476,-0.5291833696234971,-0.12521712699905038,0.273883755709976,0.08084398814477027,-0.16269797522574664,-0.11335973524059227,0.24121216028928757,0.542355946097523,0.06242334159091115,0.02358105616644025,0.15771523702307605,0.5904869826324284,0.41616461593657733,0.6378907870594412,0.563182964315638,1.011634718514979,-0.2428841683920473,0.39037846788764,-1.3403916783258318,0
-0.8443557641108055,-0.7453747211024165,-0.46967413296923044,-0.14066512695513667,0.4779948547994718,-0.43802958708489315,-0.6791880868677981,0.0854857750236988,0.3930443597212434,0.02369633872527629,-0.6239652465702966,-0.3474466207041405,0.48219511804170906,0.6853662687074393,-0.1560864348243922,-0.6202665315568447,0.3568534767627716,0.7051558260712772,0.033430508833844214,-0.4756336372811347,-0.17400639923638664,0.6482769118342548,1.0317708687798586,-0.15489066887646913,0.13174368181731552,0.8472410599887371,1.0271042469516396,-0.5234992855787277,0.5957009520474821,-1.685017903521657,0
-0.9046475077653304,-0.4729036678560078,-0.16375482828938404,0.5784843828529119,0.6046203059144318,-0.382075700648129,-0.40094927299767735,0.389667988094734,0.6697190350526944,-0.44891938522458075,-0.663441088409163,0.06304769963258877,0.6872469788743183,0.9578599607385695,-0.592849744905252,-0.5182416003197432,0.5360631781164557,0.810792846038849,-0.49794331889599563,-0.7353499242290854,-0.12605929121375084,0.772824315931648,1.0170582617633044,-0.4511820686608553,-0.11017400499433279,0.8120074535906315,0.6841036901250481,-0.7480786544297007,0.7106354654999449,-2.4569830737262963,0
-0.6899881465453654,-0.09888492708094418,0.0014800226490478963,0.43892568078823385,0.7566014723619446,-0.01269356749020517,-0.04022509614005685,0.2203548958618194,0.6220832788664847,-0.3054310084972531,-0.06431445845402778,-0.08321674425154925,0.14232605557888747,0.6722155967296567,-0.21480654779821634,-0.2576306285057217,-0.10914106145268306,0.24142725948244334,0.03631066490896046,-0.21425597730092705,-0.14729285306064413,-0.0639066530391574,0.1247666396945715,-0.020884716303553433,0.2943469602381811,-0.28500730396946894,-0.12171044001355767,-0.6230522117496002,0.8583725682925433,-1.978328304514289,0
-1.1374049133295194,-0.21675796064082534,-0.14122383775189518,-0.1939914150093682,0.46145971661433577,-0.0898715728148818,0.39626274718903004,-0.02129176436457783,0.21596690790494905,-0.0979756017960608,0.5309237554576248,0.23624607540667056,-0.11687558025121689,0.3909192026639357,0.4104594783857465,0.3572133123315871,-0.1960501079959795,0.058395110415294764,0.40299780428409576,0.42686640974134205,0.09886176587082446,-0.22994682675926015,0.18229689054191112,0.5443777202349156,0.377467777794227,-0.29422071581939235,-0.03224314890801907,-1.056421924419701,0.6204043821431696,-2.700272062662989,0
-1.4837385956197977,-0.3313329678361515,-0.3450683315983042,-0.5194341354817152,-0.11735487626399844,-0.11661395973525941,0.4723525565140881,0.04364745859056711,0.007444388344883919,-0.07557086381129921,0.6136687603360041,0.6011645037680864,0.0421057993452996,0.37870411382056773,0.3529405390843749,0.8322231406485662,0.3784773265197873,0.2397332337871194,0.20506935773417354,0.5321048476919532,0.7087773638032376,0.29149894691072403,0.41740670959465204,0.6787252630572767,0.2534308882150799,0.4835321597743314,0.2842372523620725,-1.3550629864586516,0.061158673781901596,-4.141440899007721,0
-1.3515771582722664,-0.6043729565292597,-0.3460676800366491,-0.25468529395759104,0.6538980351015925,-0.22781597016844898,-0.03291029933840037,-0.09027415309101343,0.29155946988612413,-0.2649513360077981,-0.008672268083319067,0.01652135029435158,0.06404233743436634,0.350023329758551,0.03361900659743697,0.2238801763392985,0.22101244772784412,0.14649346575140954,0.034913676399737595,0.14140142181073315,0.4347791424766183,0.2942460383148864,0.25381050385534765,0.32390719586284833,0.04415409887209534,0.554027333529666,0.30418711956124755,-0.9351589586026967,0.8901686226093443,-3.082462800890207,0
-1.6599060704931616,-0.6615446005901322,-0.10943122704513371,0.2255412755254656,0.9555151074007153,-0.5171707034856081,0.2000867934152484,0.07237971056252718,0.2995063499361277,-0.23816307876259088,-0.037699882136657835,0.08939574633724988,-0.010308531988412141,0.5231590637192131,0.11456743402406573,0.044192504435777664,-0.1744929782691179,0.12969570738263428,0.2662890386208892,0.17162821292877198,-0.022063942344393583,-0.008710398189723492,0.35179599416907875,0.2802992774173617,0.29420933972112834,0.2903159110620618,0.43876268229447307,-1.2394028594577684,1.2039262537425384,-3.361594914123416,0
-1.758823911184445,-0.4425158280134201,0.06134502295404673,0.0258209603279829,0.7371644947631285,-0.13534253258258105,0.5728905954491347,0.4586251054005697,0.4901733532204526,0.058506746487691996,0.38148646645247936,0.3996617753716418,0.026018942017108204,0.598547322183149,0.4253791034128517,0.2753940830938518,-0.24741234537679702,0.048283126391470435,0.47155916145071386,0.36275298058986666,-0.17683579575270414,-0.38342470428906383,-0.1016215455532074,0.36783420521765947,0.47862190764397383,-0.3730169241130352,0.11366096626967191,-1.3511414029821753,0.9887767020612955,-4.166015763133764,0
-1.611552355280146,-0.38056607358623296,0.15659817188046873,0.684749278575182,1.027366199507378,0.04286137480288744,0.6182709466177039,0.5757956237811596,0.6751525133661925,-0.08630570129491388,0.6085405070707202,0.515667640445754,-0.0055172120593488215,0.10812688286416233,0.5719865731243045,0.4131345001421869,-0.2601059403922409,-0.4154241488687694,0.3739504289440811,0.4115395940095186,-0.2171540311910212,-0.6907977812580066,-0.8158158941939473,0.32342794246971607,0.38688432367518544,-0.8908183312416077,-0.3872516715526581,-1.2475497318431734,1.244959911252372,-3.831023766854778,0
-1.7145368213066832,-0.5481909064948559,0.16531652154400944,0.9439108282001689,1.1827532885409893,-0.019691650345921515,0.37295744982082396,0.6138337269797921,0.7755299546383321,0.20592686481773853,0.42471462056040765,0.3945555300265551,0.10490078056696803,0.19658775757066904,0.5846372718736529,0.16177629005163907,-0.2510452761268243,-0.37333415368571876,0.5317663369793445,0.2838816052675247,-0.10858101448975503,-0.5836481728684157,-0.45611402867361905,0.12607625599950553,0.20026537576690318,-0.8154209415614605,-0.39121068868786096,-1.2904288997873663,1.4142746541835367,-4.342567515634,0
-1.8216880876384676,-0.722341153845191,0.03221210293471813,0.8244022330650478,1.6554881484434008,-0.05128910683095455,-0.08599014075472951,0.5686907671508379,1.239580916808918,0.05001070318976417,-0.2351458367332816,-0.029870855025947093,0.5420684967748821,0.6935470779333264,-0.03891533008776605,-0.36465258496813474,0.006628200151026249,0.15422262025997044,0.1609835817012936,-0.2411738996207714,-0.12080020423978567,-0.19575240751728415,-0.006428578831255436,-0.12839308639988303,-0.12523037988692523,-0.5444189460016787,-0.3730005663749762,-1.2698269425146282,1.9281936780549587,-4.179626181870699,0
-2.0452826784551146,-0.5856674557644874,0.17913232987746597,1.087573454193771,1.6068235366791486,-0.2850373372249305,0.2831508870085236,0.7487844874802977,0.9935286430455744,-0.6147942087985575,-0.20007285515777767,0.2916976520884782,0.4395618432573974,0.6807595376484096,-0.3829055899986997,-0.08412919323891402,0.07569622381590307,0.13736365037970244,-0.3307812585728243,-0.2864463757880731,-0.06829505933448672,-0.0003842223821266089,0.16737850999459625,0.08721528731286526,0.051809735856950284,-0.2657085354439914,-0.31307132575660945,-1.7835686075128614,1.8593329448997975,-4.179602337470278,0
-2.8471916556730865,-1.2434684448875486,-0.10628493625670671,0.5482831422239542,1.204693822823465,-0.7991089496202767,0.237270661983639,0.768914352916181,0.886776859369129,-0.7610228307289071,-0.020713209845125674,0.5599658852745779,0.4946061836462468,0.480013638548553,0.00538821388501674,0.36426162369549275,0.4082042594626546,0.5506024558562785,0.0749898417852819,0.3217464470207051,0.37791583998594436,0.3975936697883299,0.5697008548676967,0.7413339328579605,0.8154646786954254,0.2366872750967741,0.22379428818821906,-2.4761071226838975,1.4528519295156002,-5.734560633074725,0
-3.660974600575864,-1.806186813786626,-0.4356008735485375,0.5775389935821295,0.9248637948930264,-1.1624601263971999,-0.04713307097554207,0.7431135999830439,0.923809491416905,-1.0342645954154432,0.1319089401513338,0.8289489599131048,0.8462616488710046,0.5902332799322904,-0.03260027691721916,0.8455829061614349,0.993574737533927,1.2152117411629297,-0.053860382307320834,0.6421729218401014,0.9241985684819519,0.8950093053281307,0.9532333838683553,0.894104783050716,0.6868161324039102,0.9383047656435519,0.8158853964135051,-3.132651493251324,1.1317727048043162,-6.782468929588795,0
-3.926647303886712,-2.222129424843006,-0.782358900718391,0.22815458016470075,0.8058882641862146,-1.3558299077302218,-0.08960399635136128,0.5718307562917471,0.9424287107400596,-1.0130815904587507,0.3719178103283048,0.9852036706067157,0.8626556581631303,0.9296624946966767,0.07996409604325891,1.1925901281833649,1.0271266752039083,1.2131433565169574,-0.14746541962027548,0.8005666847527028,1.0847198116593062,1.174372769407928,1.2460137150436639,0.968731398251839,0.38823225665837524,1.451565972333774,1.1548206763505005,-3.4052294152323155,1.1277146587334572,-7.255327165070921,0
-4.140966659896076,-2.55686409983784,-1.355586788803339,-0.7166739086946472,0.566968344449997,-1.2899600841104983,-0.3678940505348146,0.1233400390483439,0.7217116637714207,-0.4868284116778523,0.5375034893862903,0.6251649240031838,0.7951768863014876,0.7131013775523752,0.7775815584696829,1.198453001778471,0.936475674957037,1.1402020271122455,0.9709271726571024,1.4146380776725709,1.276795411510393,1.1872358962800353,1.1507871879730374,1.6466758131491952,1.1466187782585622,1.3848713033273816,1.3627197971151326,-3.2743393115699293,0.9439419627562166,-8.060428558960558,0
-4.142512517794967,-2.66014835128095,-1.430146648362279,-0.27676294793374834,0.8060901045799256,-1.6053254091367126,-0.7067245281487703,-0.044300532420165836,0.5566432937979698,-0.21360834071412682,0.3425986080151051,0.26337093180045484,0.862605843115598,0.9985735102742911,0.8771807168622036,0.9090652250545099,0.9132422441989183,1.0030539247090928,1.2983065146207808,1.5868173999991269,1.354196862867102,0.8937710289284587,0.6100560498517007,1.9708955387026073,1.7216081444313749,0.8721111606433988,1.075470325946808,-3.2197513801883906,1.274399529788643,-7.861844245493412,0
-4.3155869244132194,-3.044641724834219,-1.6060148171707989,-0.6355865889415145,1.0916489755362273,-1.8972253053821624,-1.0208759552799165,-0.10598963187076152,0.8483623774349689,-0.7669509290158749,-0.0369502505287528,0.15057639700360595,1.0613929484877735,1.32407830465585,0.44914276283234356,0.7282766259554774,1.0857330506760627,1.3411508539877832,0.6596778169833124,1.316282949000597,1.494015133921057,1.2864168817177415,0.6692442020028829,2.105287641510367,2.212363528162241,1.4855480001866816,1.3525039337854832,-3.4040179751999675,1.5812980197672732,-7.84376180075109,0
-5.394969764258713,-3.4628432860970495,-2.0406767695397137,-0.9464499105885625,0.5930226806923747,-2.228457361236215,-1.067746413690038,-0.17233242369256913,0.49385818529874087,-1.4154374704987276,-0.26100773086771367,0.49525002822920217,1.2142037873435765,0.894920698851347,-0.12791285634040833,1.1021668425109237,1.4538111403025686,1.986416362617165,0.21520790064707399,1.2654745060484855,2.1415141169074925,2.244652981599793,1.6720978503976949,2.607003406956792,2.751055455133319,3.4708970993943513,2.7730417343229057,-4.243959788735956,0.9862747320928611,-8.759003421356901,0
-6.016536167236045,-4.3075959694013,-2.705887983113062,-1.008438194617629,0.24333928383886813,-3.1195099067734553,-1.710740873310715,-0.8815675039589405,0.45001490285620094,-1.458367060907185,-0.9612328970851377,-0.1443806743249297,0.7232905777537962,0.6944398081186227,-0.46918820476392287,0.6180134727433324,1.1668668024241924,2.019232722349989,0.7943171134777367,1.2336461132206022,2.37640248991549,3.123973264573142,3.431805566203548,3.411975441435352,4.062386560207233,5.72908884071614,4.8821580171305685,-4.751479038335383,0.7019617651216685,-9.613866732269525,0
-5.757796708298847,-5.0938751275464895,-3.729509502053261,-2.0427935454435646,0.12132363545708358,-3.038351043071598,-2.9279878613166512,-2.1721171917952597,-0.003722728341817856,-0.9514007630385458,-1.5533545533940196,-1.7129469910264015,-0.27985170353669675,0.7471950938925147,-0.22505406375974416,-0.6642609793320298,0.1274735439743381,1.8938726389408111,2.25152103765402,1.2849702677875756,1.9884434661455452,3.6904965407401322,5.274088370678946,4.159164315527305,5.748944390825927,7.654257738888264,6.960067967101931,-4.105488061569631,0.7172672992199659,-10.27482390023768,0
-5.979473150186241,-5.7756212615966795,-4.925516349747777,-3.044947485802695,-0.3400062804855406,-3.2343438196450007,-3.724534632684663,-2.883439581915736,-0.831684865616262,-0.9596607649698854,-1.8385092129698024,-2.155484487693757,-0.46154380635358394,0.7251337477751076,-0.28560643093660476,-0.8525796609767713,0.23090459738625213,2.1343042477965355,2.436286057475954,1.533430132707581,2.24031370671466,4.742181915305554,6.5658485220372675,4.560858516208827,6.358139602392912,9.733982278294862,9.08571110151708,-4.149011477259919,0.3337047052849084,-10.807243611812591,0
-6.521376099288464,-6.22038429020904,-5.381847482696176,-3.3785908808000387,-0.8045498493127525,-3.973209018600173,-4.057465105690062,-3.0768255516141654,-0.76880585109815,-1.8361708385869862,-2.009386752521386,-1.9319517492130398,-0.12561995573341847,0.7401805675029755,-0.6274067858769559,-0.34558520215563476,1.1676017035357653,2.7000888675823806,1.995885945688933,1.873023054152727,2.9723414425738155,5.930393500239588,7.091938103558496,4.601749081350863,6.143912461586297,10.85900327846408,9.912577162273228,-4.790705196354538,-0.14943940039724113,-11.034723635688424,0
-6.097656360715628,-5.189174650972709,-4.088358633369207,-2.4137850568443535,-0.11544421812286601,-3.5444668771326544,-3.1200028313463553,-1.9536853447929026,-0.12291551064699888,-1.8930310720391572,-1.7190090717747808,-1.1679318364337086,0.6840270444005728,1.55519096697215,-1.12909534739214,-0.06456595487426967,1.778042230270803,2.9793294381350277,1.2534242013841868,1.195953241903335,2.6927882476523517,5.103138991603628,6.143784604370594,3.1281006109062583,3.7735104043781758,7.973528589867056,7.104952712580562,-4.465586655139923,0.5674386538378894,-10.347460307795554,0
-4.576616957308724,-3.193404141254723,-1.9737859461084009,-0.32968410236760975,1.914148303680122,-2.1347864660061897,-1.5446269457787276,-0.23421696379780768,1.5921624847722706,-1.086464595089201,-0.9969654291309417,0.07128371585160494,1.7483002862147987,2.565717856194824,-1.2359667532518506,0.27896248487755654,1.8984588367445394,2.51841576599516,-0.3002168853953481,-0.2551937361061573,1.406885796803981,2.49082509345375,3.576806715503335,0.05690326165407896,-0.6354709622263909,1.901062061190605,1.6907965988479554,-3.2643383917422035,2.4776444485783577,-7.6727932534366845,0
-3.572473942041397,-1.5260148784331977,-0.03869115523993969,1.6831479314807802,3.2212106309412047,-0.7285733106499538,0.21300297863781453,1.2252164832875132,3.13586252912879,0.12190877438988537,0.5516975113376975,1.4806507029011846,2.2425352066289634,3.076981581673026,-0.02543364876881242,1.287599568956066,1.3811694606393576,1.7516032076254486,-0.8538854778558016,-0.27071882259100677,0.32244405610486865,-0.2158747240062803,0.2606214266270399,-1.8228525648638607,-3.8595481941103937,-3.9123021518904717,-3.9351310220127926,-2.539138282649219,3.6310828905552626,-6.067892397344113,0
-3.3316220938786865,-0.5148363946378232,1.123837736323476,2.5501689524017275,4.2139165024831895,-0.05078304568305612,1.6998300942778588,2.2446589774638412,3.8168488678429275,0.5087166022090241,1.8310552285797894,2.4771116172149776,2.315868204236031,3.099620047202334,0.6404374728538096,2.335920186713338,1.0931181699410082,0.9426440832577646,-1.690896618925035,0.16309905791655183,-0.013772634416818618,-1.9234284049225971,-2.694341134727001,-2.215137798348442,-5.297108060866594,-7.045353518873453,-7.013416516110301,-2.7275248564896173,4.459382273945957,-5.0218861528858545,0
-4.655900415591896,-0.9949709989130497,0.8186033859848976,2.5800435007875784,4.420511392354965,-0.4234619305282831,1.733266509915702,2.335131224617362,3.782057967297733,-0.08234716586768627,2.3566910727298818,2.8909848681651056,2.764723243471235,2.672256552092731,0.8244319273717702,3.312562020508922,2.006897704657167,0.7939037865307182,-2.2959071392193438,1.0047418155521155,1.1292107201647013,-1.6611129624769092,-4.235891903503798,-1.1668276549922303,-4.756632578745484,-6.727767440453172,-7.122841463983059,-4.532823149408213,4.599444186724722,-4.5874867073446515,0
-6.636030223667621,-2.2894660612754523,0.08916250225156545,2.359526372579858,4.861581706302241,-1.9473187310993672,0.9005871325265616,2.0194840770959854,3.3724380698800087,-1.191875748867169,2.2024928041081875,2.895470599588007,3.1362146948836744,2.1158436231315134,0.5031443289900198,3.944464734699577,2.954682308714837,0.9326484588906169,-2.995367644811049,1.755834628790617,2.568040979768848,-0.3149856688082218,-4.226497109979391,-0.12067364742979407,-3.9581968768499793,-4.559306579371914,-5.73715428837575,-6.521364972703159,5.037072297036648,-3.9015205506514756,0
-8.636380615234375,-3.2679002264281736,-0.42472840709611775,1.7473793665319681,5.241244877036661,-3.4839257031306623,0.3296988332842011,1.8269932545954362,3.038634820729494,-2.7407600513286887,1.800823852577014,2.880456962659955,3.3574132960662246,1.4085597247630357,-0.20023735605180262,4.204026218028739,3.697439230950549,1.4021558085922152,-4.12545817584265,1.8361717566335574,3.732802707850933,1.33748476177454,-3.255616813506931,0.4214111375343055,-3.1607161854952572,-1.5057378012686968,-3.501364643294364,-8.830768775492906,5.375762674501166,-2.8252126532793045,0
-10.202114492096007,-3.81071993178688,-0.8037823537876829,1.5829012508690357,5.200531436875463,-4.191359266834334,0.23669684551423414,1.572978414595127,2.874940914846957,-3.5690348285250364,1.3687336484342814,2.7004283662713715,3.196261709481478,1.4200705586047844,-0.6892388067394495,3.648340044133365,3.727530857529491,2.10117975667963,-4.311651410250924,1.4217644834611565,4.106329448521137,2.5135085397213697,-1.3229011719021946,0.8653879826888442,-2.0827511535491796,1.2796267401706427,-1.2522211149707436,-10.802326348125934,5.373274563997984,-3.170952685661614,0
-10.601734587922692,-3.777498956141062,-0.6533695479016751,1.9548515815567225,6.148946078978479,-4.477247584398283,0.1669486118387431,1.450063194896793,2.9957587810233237,-4.161755708381533,0.5460871494235471,2.209106995239854,2.5096079478878526,1.7865881179273129,-1.739895814023912,2.701924097817391,2.709868163447827,2.036909493369312,-4.669928658008575,0.29579348819330337,3.4357361462898552,2.703450798746198,-0.017379017360508443,0.5211440237611532,-1.7663783218804747,2.788178191259503,0.16132219390943647,-11.284418534711003,6.338563394949306,-2.0687565283477305,0
-11.424493394866586,-4.2157901033759115,-1.0867657475941814,1.4247634932771325,5.828221580479294,-5.002127751111984,-0.3032709096744657,0.9652474423497915,2.5501669959630817,-4.4322594998404385,0.28759947765618565,1.7498713365569711,1.6942453174293042,1.6056735862186178,-1.6917971858661622,2.6077624058723448,1.9216421116515994,1.9802493501454592,-3.6571821448765696,0.8031827291660011,3.622527190289693,3.0354681133665142,1.0621715910360217,1.6130591611191631,-0.02494253408163786,4.385432262085378,1.7514385239779948,-12.195285433875396,6.022196353673935,-1.8916370246559382,0
-11.889900673776864,-5.04084973026067,-1.9420263833645732,0.9167567547876387,6.249417316522449,-5.714976756423712,-1.364129839502275,-0.26565740652382375,2.3686074615456163,-4.282812438596738,-0.2672278780862689,0.5540472774952651,0.8185274741426111,1.9098685484007,-1.3897069907933473,1.8618729071505369,1.1156453726944164,2.0534074017964303,-2.0805433346144855,1.4459999059699475,3.537344416975975,3.135619492083788,2.1196197761036455,2.813370869960636,1.5868810421600938,5.45450240008533,2.9190769070386886,-12.428482247833163,6.441715438221581,-1.6454940951243042,0
-12.107962566139177,-5.216378139294684,-2.26174533797428,0.13523348942399024,5.35612025488168,-5.784047096176073,-1.453809545908589,-0.5442669214680791,1.8507727969647385,-4.043585989824496,-0.28528994146734477,0.3610481275815982,0.6059368607308716,1.692527478687698,-0.9250208119326271,1.8725614308565854,1.0585161591460928,2.086212843209505,-0.6894013100955635,2.103226087912917,3.6563189201569184,3.382820238629356,2.579332622429356,3.937341048680246,2.874568705330603,5.979102555662394,3.5292628725618123,-12.977361260689795,5.655864597316832,-2.674956213720143,0
-12.142705055717379,-5.0525234894640745,-2.2651569839473815,-0.010984177608042956,4.343034000163898,-5.364574143541977,-1.0017753469292074,-0.2945500195585191,1.2732739648316056,-3.8069029814377426,0.3561287119798362,0.7494065846828744,0.5689185253204778,1.128352170845028,-0.417357567679137,2.2984613081871066,1.1553331079124474,1.927529902625829,-0.019675953132100403,2.6919703721161934,3.7172371882386503,3.3423502011969686,2.675680374763906,4.517942773215473,3.4462868254072965,5.93097214333713,3.562637180481106,-13.196383211445063,4.566645157933235,-3.7334266913635656,0
-11.880892465636133,-4.878304004678503,-2.0002898689886206,0.16431699201464653,5.2366763180494305,-5.492730721384287,-1.0886509479023516,-0.3772554018348455,1.1480720085871872,-4.188405422950163,0.16537281094351783,0.6851701796986163,0.3995739544555545,0.9784548112004995,-0.7981016382016242,2.2181783509143496,1.1251489071268588,1.518599683381617,-0.25933890130370857,2.4226924634724853,3.4403553506545723,2.837945379624143,1.968001561369747,4.189630616754293,2.9868877192586663,5.439661351889372,2.862214330993593,-12.78687787566334,5.347504628449679,-1.6310218480229377,0
-12.00135382257402,-4.855974687747658,-2.0407391832768917,-0.38436415455304085,4.511680043414235,-5.705193346503656,-1.1196600051410497,-0.5974172212857592,0.8660585038596764,-4.264446869269014,-0.19561200587078928,0.8445336889661849,0.26768733981996773,0.5818343978375197,-0.8097886705258861,2.438596616422292,1.4605021449923514,1.4739525949244854,0.1560721247084439,2.803657392305904,4.012534702196717,3.2279676465317606,2.0669015910942106,4.717543258033693,3.4037635920918548,6.032761491221609,3.396575084105134,-13.16176953703165,4.780584733951837,-1.8814327372610569,0
-12.317996940277517,-4.888711837258743,-1.8942930829821854,-0.3329571581631899,4.091558207795024,-5.83408944114577,-0.975157268550247,-0.35803416329436005,0.7244377711415291,-4.485473922602832,-0.45177011491265145,0.8896538452152163,0.6644538018293679,0.631057805044984,-1.129229132309556,2.1431391017884014,1.791471720095724,1.9689495393121614,0.23200970392674208,2.5537805638089774,4.094789723716676,3.9048571433871984,2.7105947490222753,4.756159617854283,3.6491909485310314,6.6559539823792875,4.213634892497212,-13.585582913681865,4.3585396537929775,-2.7860982521250843,0
-12.433307989500463,-4.85874809641391,-1.5199012925103306,0.1001251641381532,4.331708127912134,-6.103203939460218,-0.7339027309976518,0.13390744574368,1.0503376611322164,-5.0648156313615615,-0.19718138344585895,1.2338672482967377,0.927354780533351,0.5471840418688952,-1.420160053228028,2.2700487874820827,2.061601142305881,2.0371641678363086,-0.22613228280562908,2.1529913734644652,3.888660785611719,3.868240019516088,2.7146204409003256,4.325122329536826,3.154567920155823,6.11778098296374,3.6852892918977886,-13.666844021044671,4.394453077614307,-1.7492867796681821,0
-12.25787343300879,-4.576609735786914,-1.149863642489072,0.696854572147131,4.162687689717859,-5.746966846119612,-0.40125173301436007,0.6307177792489529,1.3196151265501976,-5.0718469310179355,0.34770931214094164,1.7380886881798505,1.046592181203887,0.23078913357108832,-1.2116342667117714,2.778413381315768,2.163808500934392,1.6923993381857871,-0.3929426009953022,2.484415748673491,3.9036329105123877,3.3880623763240876,2.2608616254106164,4.170151881501079,2.6191064443439247,4.960396599872038,2.6290415670350193,-13.6146050080657,4.179848006442189,-1.584804984861985,0
-11.627542433924972,-3.9968131186184475,-0.7248606887832284,0.8321762374695391,3.70264236766845,-5.199591848626733,-0.07445931845111772,1.0511893997737207,0.9759062001341954,-4.592827930934727,0.3116547300774255,1.7122596271708608,1.276955781802535,0.407253221035935,-0.8499142386019229,2.422778056827374,1.9099884189292788,1.7159027048759163,0.19154396623373032,2.499002610705793,3.5542583158239722,2.948213120494038,2.1472231321781874,4.238299040533602,2.8169046863215046,4.285832602120936,2.0536012310395018,-13.247924600094557,3.750396330580115,-2.197229528352618,0
-10.615580219849944,-3.8062849508831276,-0.9281412067171186,0.468978128824383,3.640887350849807,-4.971253795566736,-0.423356998488307,0.7846227035485208,0.9544039480946958,-4.107295970022679,-0.3763797105103731,1.1365383038669825,0.8810140546620824,0.5840655511617661,-0.9024308010935783,1.6611829994246363,1.3343685791455209,1.7810549863800407,0.4016715397632561,2.1529068591818215,3.1258996539376676,2.796543552726507,2.487930769829545,4.00303571254015,2.761924901586026,4.133459020778536,2.0071648020343855,-11.754298474676908,3.735536392536014,-1.5153045817092061,0
-10.259162885900587,-3.8062948562204837,-1.0901565634459258,0.3054022794030607,3.122288345731795,-4.591443617669865,-0.31062480629887435,0.7351337769720704,0.8602998182177544,-4.070573799163103,-0.341891171958996,1.4571506765671074,0.7263416142016649,0.6101757763698697,-0.9716552278865129,2.0212871874123812,1.5713307059556245,1.8292028465494514,0.25043059108778837,2.3172976985014975,3.4866482280381024,3.0705690362956375,2.429651486687362,3.814663039445877,2.3198228957504035,4.157670417153277,2.0240188664197922,-11.138032607212663,3.118813482224941,-1.9466737401485443,0
-10.187909151650965,-3.3164509590808304,-0.5400421076454223,0.6931527819484472,1.8635337538272143,-3.8905890694633127,1.0034163429401814,1.6394029596820474,0.9874575540795922,-4.18015522393398,0.5355189565289765,2.804881807900965,1.440902764648199,0.5943879255803768,-0.891561727700755,2.8241382639110086,2.5453110156208276,2.0280370837822557,-0.27896104358136653,2.2231600324809553,3.78256691865623,3.326320965755731,2.2322114514373244,3.4070044151321053,1.5637173670902849,3.791876285523176,1.4880839214753359,-11.479864962548017,1.8217543320544065,-3.9946257847547533,0
-9.639762948602439,-2.875356417670846,-0.2143000642862171,0.4500996302254498,1.150632136305794,-3.728640181273222,1.6867144276201724,2.3721925934962926,0.8273369753640145,-4.30527026956901,1.279688253570348,3.5652158871106803,2.3568763090111315,-0.20332999275997282,-0.9850398465059698,3.3708403279446064,3.5440322174038736,2.189925698675215,-1.1267405408993363,2.0999338106811045,3.7249832119653004,3.518653040211648,1.745284090389614,2.6127957716211676,0.6195115117821842,3.249861385934055,0.6611051403731107,-10.732155332192779,1.0649916775431485,-3.9921998518705366,0
-9.177794503942131,-3.1432666509598493,-0.3305717814620584,0.10582220701500773,0.6741342905629426,-3.8279522805660964,1.5762023396790028,2.279792367182672,0.28732430587755514,-4.169020015299321,1.7522885381197557,3.5793118368904104,2.552039776192978,-0.6833776049688458,-0.4378816940076649,3.620264234803617,4.081740278638899,2.027141133269761,-1.129333898506593,2.491099297646433,3.7802131269313395,3.731810877919197,1.2096986781433225,2.432206201603403,0.31056657211855054,3.2005476217149407,0.3320311747118831,-9.925114114880563,0.5297493668552488,-3.5926033575087786,0
-8.001217184402048,-2.8410255609825255,-0.5158454309497028,-0.18661485601682215,-0.39500470403581855,-2.7812971214484423,1.4091447462514042,2.1340318251866846,-0.23162496842443944,-3.3648577779065816,1.8291115317493678,3.1310909117013215,2.4794175730505956,-1.083436747342348,0.2579849274177104,3.0656102566234766,4.008956265016459,1.8959387311711908,-0.74683310136199,2.5257514184061436,3.5002836126461627,3.72616173543036,1.2596180631464813,2.4094515777751804,0.27815468560904266,3.3577648494020105,0.7641165332775564,-8.836687227897347,-0.4433701011911035,-4.042300326041877,0
-6.388488556564552,-1.8391653442382812,-0.42083396632224324,-0.32213402876630426,-0.9018541070073843,-1.7783219097275287,1.2937525173369795,2.152383831292391,-0.49369344018399713,-2.638771587982774,1.4512325370498003,2.62951035996899,2.408193834181875,-1.403337148912251,0.17512058198917657,2.386368276271969,3.551260728072375,1.7652398429764435,-0.7744604809908197,1.9817897373624147,2.966025198213756,3.4596633764516445,1.3996637206245213,1.8932765550073236,-0.2270682879537344,3.1511507596168666,0.820243330411613,-7.237965065091848,-1.103937809150666,-3.437265261411667,0
-5.741985188401304,-1.4048452333174646,0.1901956608146429,0.32950369231402876,-0.9517156705074012,-1.4953174443170427,1.6052434865944087,2.4370710599794982,0.08324493484571577,-2.5565440310537815,1.0443804130703211,2.8964800084382296,2.295728409057483,-0.9218906600493938,-0.2816792008955963,2.38871306986548,3.279665174856782,1.7162720573693513,-0.9747363681346178,1.408013216815889,2.808935559652746,3.2990345391631126,1.4239343599416316,1.3003808453149395,-0.7791715773753822,2.7041406477987766,0.552670978885144,-6.750141296684742,-1.169307451256318,-3.585480387657881,0
-4.763331723650918,-0.9982856893073767,0.4808601043379167,0.16301685083657502,-1.7551996061950923,-1.2473392860591412,1.5591102156043053,2.5586786747677253,-0.1523668821528554,-2.4783585594408213,0.8817435039859265,2.925372537858784,2.1470169073343275,-0.9686404542799574,-0.4150500149652362,2.5644301544874906,2.960757187019044,1.6925616363342852,-0.8348840215802192,1.3622478411067278,2.672350390260108,3.0044313834886998,1.3768239193712362,1.1107362024486065,-0.7468835976906121,2.46717505607754,0.539971312675625,-5.640951332077384,-2.004630970116705,-3.1144845617376267,0
-3.3941861658822745,-0.3239747977256775,0.7972586704965215,0.25188506169244645,-1.2628511349629843,-0.9035966982506216,1.3958902468532324,2.0657679637940602,-0.21463245745748283,-2.1180799030326307,0.8064504476077855,2.1311391688045114,1.5063244885951281,-1.057783913873136,-0.3831203448027372,1.9075234075170011,1.9360626626154407,0.9146760331885889,-0.7476996649801732,1.0526694638933987,1.744269948815927,1.8884883385431022,1.0051007605157793,0.6857156164944171,-0.9319928944157436,1.4583523700758816,-0.14617379181087017,-4.01583773508668,-1.588868590146303,-0.5529873510450125,0
-2.6310559919755905,0.06152736224234104,0.7501921646296978,0.6586717345379293,-0.5481774768978357,-0.361131029650569,1.39625315643847,1.6321235842723398,0.3583500317647122,-1.718956296145916,0.8042681351676584,1.7996332684904337,1.5505798336770384,-0.8837415404792409,-0.19226347144693137,1.2380564559437335,1.6761257470212876,0.6170517936535179,-0.5283162116492167,0.6215190244838595,0.9999806123413145,1.1546733924746513,0.6402028657495975,0.2527940957248211,-1.0667649220488966,0.5876088433153928,-0.5758999841590412,-3.3241709634289145,-0.8767618331685663,-0.22010805785655976,0
-1.6305972657818346,-0.04502567328512669,0.27784591671079395,0.30790303260087964,-0.8600446701049804,-0.0572516252566129,0.9099648224562407,1.491669968641363,-0.023394385036081076,-1.398723572511226,0.5574085001088679,1.6360975177027286,1.9571817142143846,-0.6471364858187735,-0.13935178311774507,0.9379792835842818,1.992589021746535,0.792743053920567,-0.5808080708875787,0.3243837108463049,0.6822307864297181,1.0612738753855229,0.43988327162340285,-0.17796320313587785,-1.1829945040587335,0.1764920473843813,-0.8194274634867906,-2.0947977713122965,-1.134476049724035,0.21607576750218868,0
-1.5246013592509553,-0.2429366504214704,0.280395694822073,0.12158447777852416,-1.47943748511374,-0.026051288694143294,0.9339076128671877,1.5592408746294677,0.0646542300004512,-1.1252360109006987,0.7158029889548198,1.7595255487598478,2.2329975292179736,-0.5308772661909461,-0.02351397367194295,1.2221527404058725,2.400931666950928,0.9574505142867565,-0.4396618382493034,0.5638078628387302,0.9305242823064327,1.233718210440129,0.31829822348430753,-0.16997252210974692,-1.1499497130699456,0.01785383976995945,-1.1085835324972868,-1.7718896874785424,-1.803888697102666,-0.003125665634870529,0
-2.549342488013208,-0.7180698452703654,0.020199623964726923,0.24354926155880094,-1.4219776183366775,-0.7327891137450934,0.6647294892754871,1.488192974794656,0.38295495755039155,-1.295929049232509,0.7336579207703471,1.5859190656244755,2.4280207557810356,-0.27674697648733854,0.10581627542153,1.4847567038051783,2.54234365388751,1.419321241612779,-0.1847581972181797,1.0085524496249854,1.4088657696545124,1.8536296034604312,0.6831837332155556,0.6008367468696088,-0.5990268906531856,0.8569617267511785,-0.33395672976970675,-2.5158199063688516,-1.839222794175148,-1.5391687145270407,0
-0.9796457343990914,-0.5216705644316971,-0.2765614614868537,0.19758464094251393,-0.9508290321007371,-0.48829208543524144,-0.16131617463193834,0.5851349500380456,-0.08960724698379635,-0.935123604889959,0.31360107424203304,0.4179994209576398,1.4883047137688845,-0.45641058387234806,0.06548544624820352,0.7630930860666558,1.4030301420064644,0.9141374645382165,-0.4545247523672879,0.6220326349954121,0.7838679302250966,1.3817376217246056,0.5465392967686057,0.2366447372175753,-0.9377588152315002,0.6621301048249006,-0.30337940592318774,-0.8516135830059648,-1.2477889101207256,1.4546254390478135,0
0.16673428742215038,-0.566027951836586,-0.8889131988107692,0.04525761662051082,-0.13673053920269013,-0.05434215053915978,-0.9485131387412548,-0.4245248330477625,0.1500003043981269,-0.6480819172901101,-0.22192595936357976,-0.345461617000401,0.952832015529275,-0.06359305968973786,-0.20211532579240157,0.14607332427054642,0.8438607680052519,0.8256931024370715,-0.5816542218276299,0.13837024189997466,0.4016181043908,1.0690800510905683,0.7480325626581907,-0.26904504720121625,-1.337667523548007,0.6393390012159944,-0.37826836786000057,0.7186841413378715,-0.318301997333765,3.034706384241581,0
0.5976989249140024,-0.3855177748948336,-0.7094680670648813,0.10656839035451413,0.18950201250147075,-0.21783599935472012,-0.9929072282277047,-0.34409650567220523,0.40356029085814954,-0.6425474417209626,-0.6387608359754086,-0.3365146305318922,1.0752884163334966,0.3867997479834594,-0.6198495676741004,-0.25869366361759605,0.6526217467337847,0.8698309766128659,-0.9102513986080885,-0.55396459069103,0.06657500042580068,0.8522258522454649,0.9920599049143494,-0.7870379038155079,-1.712108339611441,0.4917582653649151,-0.2968337910994887,1.22892314794939,0.05881645683199167,3.3724142217263577,0
3.09451563491486,1.3439764446392655,0.36111333794891837,0.6315248453989625,-0.06735711675137282,0.9908653679117561,-0.3874530788883567,-0.39464432150125506,-0.20558996070176364,0.1380709920078516,-0.45646655712742357,-0.6259997111372649,0.050483727753162386,-0.5146136507671326,-0.7453371773753316,-0.8601164228282869,-0.8378608339373023,-0.4485989710688591,-0.8916129003465175,-1.5753007930144667,-1.1338520722507384,-0.7993704020930454,-0.2678283915843349,-1.9609264428541064,-2.3482313795946537,-1.0516925024427473,-1.4105207020416857,3.465582907879725,-0.33434210121631625,7.318251388003119,0
3.4796816002205015,1.486548615596257,0.19239725117571652,0.5347509951796383,-0.4138960770983249,1.1823789505800233,-0.5162091052904725,-0.9239844809193164,-0.6174406892061234,0.5649601265974343,-0.1613085263222456,-0.9792534445226192,-0.6260734843090177,-0.9361038465052843,-0.39706031933426855,-0.5117097989079775,-1.210579365734011,-0.9649689990468323,-0.49906763633713125,-1.1743547262623906,-1.02810427878052,-1.1365117800315785,-0.7101385297439993,-1.493120173662901,-1.571738484497182,-1.1685560980252923,-1.3241115648671984,4.1886099093873055,-0.7033941060677171,7.671334543153644,0
3.3729087371006607,1.145971875563264,-0.14671445150859655,-0.473090929929167,-1.3703073609620333,0.9924961047340184,-0.6459562196629122,-0.9821650826558471,-0.8643129672668874,0.5438264864310622,0.0820368593512103,-0.6781874445080757,-0.4426036402210593,-1.35083865262568,-0.022310498356819152,-0.051548887263052165,-0.49219812946394087,-0.90899738304317,-0.5682570862770081,-0.455630393831525,-0.43650338377337905,-0.7530781615851447,-1.054999541528523,-0.7642529209610075,-1.1281905751675367,-0.9165444095619023,-0.9751014966517687,4.093090718835592,-1.5887127686105669,7.382599903019145,0
4.328986849859357,1.4514545920863748,0.03582119656261057,-0.35693113654851916,-1.4965424744412303,1.3714915865007788,-0.6268394319759681,-0.8692715751659125,-1.0547692875005306,0.35544055512174966,0.00636572852730751,-0.5270955916354433,-0.41032440776936707,-1.6136230248212815,-0.23676710334606468,-0.15245350304991007,-0.39311154395341874,-1.1824751292634756,-1.1839583125710487,-0.7074899995699525,-0.584790775384754,-0.8265246715955437,-1.637525199726224,-1.2264179315511137,-1.8958983431430534,-1.0642776227742434,-1.3061652456223964,4.927431540489197,-1.7322423137724399,8.569999311938881,0
4.605826895311475,1.8904993458092212,0.41251428827643394,-0.07800592845305801,-2.1074753936985506,1.3641374640667345,-0.10488297928590327,-0.6360827576881275,-1.2290139677980916,0.5904972621053457,0.39648356357123704,-0.29356722692027687,-0.3648411193490028,-1.830138085409999,0.01409465067088604,0.250539381634444,-0.18911615390330552,-1.2509076726809143,-1.2637202566489578,-0.4528652670048177,-0.39664899789786434,-0.7452646375731274,-1.6054850758053363,-1.3641412953380496,-2.129864934142679,-1.0524778974242508,-1.4892381080985069,5.090155153572559,-2.414279868155718,7.177563138864935,0
5.132232592366636,2.253200382280629,0.4867907564062625,-0.4586845592712052,-2.04587165215984,1.7217328401841223,0.03951855693012476,-0.8424057643860579,-1.4666329169645906,0.9970141312107443,0.6434499476850033,-0.40554106714669613,-0.6980595936067402,-1.886972383223474,0.3034729768894613,0.16909327125176787,-0.6590119985185448,-1.4130168002843857,-1.0211385731212794,-0.4790777027234435,-0.5838547754241153,-1.1933947441869532,-1.881535742431879,-1.4418534182617442,-2.2150981894135473,-1.229163847969612,-1.9284819186106323,5.617407160848379,-2.267761761974543,7.222688209861517,0
5.657131126113236,1.9670955964550376,-0.06604009367991238,-0.8192697503045201,-2.2319844175502657,1.8641763319075109,-0.5142296177707613,-1.429344456475228,-1.6682432597503065,1.4166955555230378,0.38504583649337293,-0.7733492096420378,-1.2162280241027474,-1.7384308933746069,0.42592047711834313,0.1342352770268917,-1.0143050082959235,-1.4260028339736164,-0.6629923058673739,-0.35329678082838656,-0.40920586355030536,-1.1114748517610133,-1.477840284910053,-1.0456673365831375,-1.634150459729135,-0.5897321525216103,-1.200065048225224,6.210999463312328,-2.384015384316444,6.25375069372356,0
6.668190557435155,2.2462744400277734,-0.03854759801644832,-1.5896150241792202,-3.33879284914583,2.2963906655367463,-0.48151517172344027,-1.4151944925729185,-1.9821130295470357,2.030651237256825,0.348499729737523,-0.7154850630834698,-1.6351983652636408,-2.2512062436528506,0.6927194054657594,0.13187739390879868,-1.093337348829955,-1.7281873983889817,-0.01996668813750148,-0.133209408223629,-0.3045232904609293,-1.3565357508789748,-1.3993327534943818,-0.6942440049163997,-1.0885443809255957,-0.5560093738697469,-0.7805230136800674,7.145884326947853,-3.5000061364471913,5.469353896155954,0
6.7847423866391185,2.274221699535847,0.5395397445559502,-1.1330442818626763,-2.8979715779051185,2.3995589088462292,-0.20706698033260182,-0.8681538118794561,-2.079108296998311,1.8252911246754229,0.30435665810480717,-0.4587294019199908,-1.4180119267385454,-2.1441599130630493,0.34840730592608454,-0.09035452042240649,-1.170107645834796,-2.0490611126134173,-0.24648101238533854,-0.5776436947798357,-0.7844539418024943,-1.6597972088120878,-1.5567490281909704,-1.1898285744618624,-1.6680630264431238,-1.1145188879594208,-1.1414205044507981,7.440190814435482,-3.024649701975286,5.56588682802394,0
6.257179493755102,2.1526407455606384,0.37566076616290955,-0.623647165633738,-2.681782590895891,2.1154070634022357,-0.0717628140002489,-0.8734109024237842,-1.668239842019975,1.4820093104988337,0.566558096294757,-0.25294273883569984,-1.08072052821517,-1.8245357706397771,0.15881279993802308,0.18956734247738496,-0.612759153675288,-1.75934958294034,-0.6544299981836229,-0.7983765856688843,-0.7729388770647347,-1.2330968315247446,-1.26041936249414,-1.6424214698560535,-2.064284486286342,-1.028420764617622,-1.1442922734096646,6.835487283915281,-2.862397889122367,5.406893273293972,0
5.983988385275007,2.0670705918222665,0.05379951342009008,-1.1669637692719699,-3.0511565797030924,2.220787895321846,-0.01597047261893749,-0.8295969128096476,-1.6439630419295281,1.4089065219834447,0.9115995861403644,-0.07318594081327319,-0.9837907776422798,-1.7937361775431782,0.4833595061674714,0.5199452858418226,-0.31040982600301503,-1.4180897086299955,-0.6024742097407579,-0.5910253823921084,-0.5076465760357678,-1.0064879248291254,-1.1047153132408858,-1.5141369136050344,-1.9761598893906922,-0.8579695447767154,-1.0989598085731267,6.196461790949106,-3.2448579463921488,4.913508200645447,0
5.4460969824157655,1.5049525954108685,0.13013550736010074,-0.9073595540970564,-3.0193483451753855,1.8332474681735038,-0.0853957977774553,-0.39830986719578504,-1.6324924731254578,1.126393692456186,0.7659749260451645,0.2318582821264863,-0.6386311028525233,-1.5021997474040836,0.33450281411409377,0.687781028850004,-0.18782352766022087,-1.0482741844758856,-0.7187819104269146,-0.3423077406920493,-0.10337790239136666,-0.6297139221150428,-0.7915468211099506,-1.2581042306870223,-1.778746867273003,-0.41000686027109623,-0.8518504124740138,5.747958431281149,-3.23632882155478,3.1099369645118715,0
5.592830199897289,1.2712009782716631,-0.22886237177997829,-0.9281134153995663,-2.997767399866134,1.397625660467893,-0.7897618888691068,-0.7102793281152845,-1.616346768469084,0.9799791752174497,0.20026756895706058,-0.13298411334166305,-0.47178247906267645,-1.2783177188318222,0.013277780693024398,0.4104399658739567,-0.03690520233940333,-0.7901012332364917,-0.8082318610511721,-0.6364100974611938,-0.055998265873640776,-0.2935612128302455,-0.413257324276492,-1.451862364038825,-1.7682464065821841,-0.030256375032477082,-0.5092421184107662,6.02942219555378,-3.1610042541474104,4.006357531636022,0
4.887096549905837,0.6663907989300788,-0.6156353294104338,-1.4136547734076157,-3.1039819793077186,1.1593927146308125,-1.1457854645326733,-0.8931617039907723,-1.592233524043113,0.9954603421129287,0.22985555671155453,-0.257227884111926,-0.10856712631881237,-1.301271928139031,0.34299096778966487,0.5079039196297527,0.44530063606332987,-0.3283571780938655,-0.33625687230378387,-0.19121749859303236,0.25808739341795445,0.31762280710041524,-0.15863197417231276,-0.9172716452740133,-1.3788705924525857,0.46400800896808503,-0.034266265518963335,5.601291616111994,-3.1883447361923754,2.6315314245596526,0
5.219254761058838,0.9681375857256352,-0.4329108367173467,-1.5821707329154016,-3.4101266895793376,1.4486853539198636,-0.8250428888201714,-1.199345888402313,-1.7407012293022126,1.333803458008915,0.3837268899381161,-0.2344871212169528,-0.5252916030865162,-1.6302820337936281,0.5083816365525127,0.5255933880107477,0.3229154017567635,-0.5103319953382015,0.0325400994438678,0.1344130813423544,0.2276286909764167,0.2302680317312479,-0.5633492930978536,-0.5591935462877154,-1.0970498071052135,0.4949999297875911,-0.1448237928748131,5.761177465580404,-3.576663588285446,2.348953134790063,0
5.385003966987133,1.6638255362957717,-0.11394029323011637,-1.354721638619667,-3.6383679524064063,1.8868042269721628,-0.22063947564107367,-0.8406454493850469,-2.032691888436675,1.6216563474573196,0.5127115602884441,-0.1445629219757393,-0.8081783660128713,-1.862999724105466,0.6891794981807471,0.418665774166584,-0.13021074051503093,-1.0602117106178774,0.09931645810604095,0.09017521883361042,-0.008038161490112543,-0.40103022603318095,-1.0986192636191845,-0.44089606891619043,-0.9628883089963347,-0.03563717358745635,-0.4754754417389631,5.767267681397498,-3.869796673506498,2.9453606595098973,0
5.125170230846852,1.9187763210758566,0.6624780628178268,-0.5110450619645417,-3.383870879933238,1.9920400201808661,0.45304997493280097,0.08212203639559448,-1.6002073138207198,1.4865585386008024,0.697970160683617,0.2634306249767542,-0.5313225085288287,-1.9347960647847504,0.6334338456392288,0.3932091224938631,-0.3472325899172574,-1.1689010804705322,-0.26256390017457304,-0.11471965458244085,-0.3419648005254567,-0.7975523426011205,-1.509602824440226,-0.6242338394402759,-1.140909942286089,-0.6226228171866387,-1.0804513457417488,5.467479371726513,-3.670884409286082,3.0764707887172698,0
5.63946431257762,2.2150157085992395,1.038749726358801,-0.21874039576854556,-3.146704874262214,2.0787173027358947,0.637218327538576,-0.18699478287249804,-1.4806600177101792,1.2507706262171268,1.0066021296428516,0.3566931989998557,-0.9569675124064088,-2.0160345118585976,0.40966180196031926,0.41255454421043397,-0.6813089714106172,-1.4122998024709523,-0.7904241166682914,-0.6393419702909887,-0.9261495321430266,-1.0775619886210188,-1.4587797675281764,-1.2874277829378844,-1.5514148622239008,-1.0573299171216786,-1.3331141389161347,5.562556356191635,-3.587009564295877,5.273123464547098,0
5.284718399122357,1.9785332169011236,0.5489061074284837,-1.201672859271057,-3.4068130793608726,2.0019653478264807,0.4806025978550315,-0.6897646023891866,-1.9872622167319058,1.223949317149818,1.6497552841156722,0.22660428091883658,-1.2802153878007083,-1.7647960432653782,1.0349411959573627,0.885167109631002,-0.7716788329556584,-1.492173311994411,-0.36114596931263804,0.1309095518477261,-0.5306420100439573,-0.9851270504423882,-1.0953327618725597,-0.7306686056219042,-0.9615182135626674,-0.9762268554791809,-0.9739282681886107,5.061810752600431,-3.6820683515630663,4.857416081354022,0
6.071588254175149,2.410935866832733,0.5851469152513892,-1.519379418231547,-3.382465308941901,1.7359408150613307,0.05271274637430906,-1.0928297396632842,-2.509220992997289,1.3989492269419133,1.1168652905710041,-0.2931087720533833,-1.7369984701368957,-1.9017389564588667,0.9833735895430437,0.564329434959218,-1.125128274417948,-1.6951794217992573,-0.07084024283569307,0.3908455310575664,-0.5436731740087271,-1.2309930413053372,-1.287969643548131,-0.5254843022022396,-0.8855108560435474,-1.401914025321603,-1.2462430569622667,5.871013557999395,-3.608139740973711,6.356826459616423,0
5.5629583369195466,2.3129698245693,0.8775727321393788,-1.0026500651892274,-3.2996203275490554,1.5067409399803728,0.2618063712120056,-0.4205957839824259,-1.938142551430501,0.952315293122083,0.6009399286285043,0.11423466235399246,-0.9477753955917433,-1.7908404943533243,0.41535191535949706,0.3391364490427077,-0.6711707107536494,-1.2486125009693205,-0.4503694084379822,0.020152504965662957,-0.49402464838698507,-1.133729378990829,-1.2921415304392576,-0.7391259711235761,-1.008394636262674,-1.4829688460752368,-1.253183863060549,5.5230144353955986,-3.628010071180761,5.969888224750758,0
5.570905413925647,2.3558479566476307,0.962277851216495,-0.96004684811458,-3.2293192438967524,2.0328674714639785,0.47737337929196655,-0.13587085376027971,-1.422839302313514,0.8124300579866395,0.3370321088656783,0.2108691745949909,-0.3391332373768091,-1.299269516026834,0.07678502917289734,-0.0004693524166941643,-0.47274822830222546,-0.7732820978946984,-0.920581624712795,-0.6313903181254864,-0.7448768466711044,-1.06936136306962,-1.0577374622970819,-1.135646267607808,-1.4867682687193156,-1.412718026880175,-1.4395526528288611,5.318466418124736,-3.508593269847333,6.010332170948386,0
6.13808404463809,2.5432868445501664,0.5330717485584319,-0.8302380984462797,-2.9237609539879488,2.2456984796747563,0.12949565947055816,-0.644150365726091,-1.4085507763549685,1.427101532779634,0.11158748723566532,-0.3342300194851123,-0.4745114063099027,-1.0776958075677976,0.1117217079596594,-0.31148375022690744,-0.49111328868195414,-0.5510691166226752,-0.730469322418794,-0.9441429288871587,-0.9487446110509336,-0.8721768747083842,-0.9476131317391991,-1.5011317767458967,-1.87320229803212,-1.3820263724401594,-1.5780255695059895,5.663581461980939,-3.238462891988456,6.023756034374237,0
5.844269609134645,2.2789553327392786,0.5209179050847887,-0.752799944235012,-3.151385550275445,2.17358773317188,0.00045829436741769315,-0.5592447765078395,-1.483369413651526,1.6448565396666526,0.39163174852728844,-0.2752766731008887,-0.4754730962961912,-1.1813914464600384,0.5910959790879861,-0.09776213090866805,-0.4526773680560291,-0.5044110833480954,-0.2612836268590763,-0.47570052694529297,-0.819140961393714,-0.8119794126041233,-0.9479857463762165,-1.4994935372809415,-1.6990893150423654,-1.1802743773232214,-1.3734965127892793,5.367158692106605,-3.4498822601884602,4.868836407624185,0
5.886301380558871,2.198768352200277,0.8984539557062089,-0.6741435060091316,-3.046619679480791,2.049544472191483,0.3311632233450655,-0.4311444585211575,-1.5517284899670631,1.6558842403069138,0.8244446689262986,0.20419689308851957,-1.0699166267924012,-1.6197711656056344,0.7237966677732766,0.3905583198461682,-0.8399045420088805,-1.0283442422561349,-0.5242815080843866,-0.2733116037491709,-1.0234013500809669,-1.3593157032504677,-1.1554454435873778,-1.5062367188371717,-2.1052206167392433,-1.5806707339547574,-1.5720325707271696,5.763390643671155,-3.3823929145932197,5.542145161144435,0
5.730031710658222,2.4525787122920155,0.9693748512305319,-0.7834965347498656,-3.2611934346705675,2.1706880155205726,0.5773749487660825,-0.3887865835428238,-1.509474946996197,1.5570020146667958,1.2165020101889967,0.3025331796286628,-1.0773082948476076,-1.4619508804008365,0.8770309189148248,0.6379844451509417,-0.8724079476669431,-1.1186295809224247,-0.45904511846601964,-0.08015654161572457,-0.9461088854074479,-1.5164472473785282,-1.3680821499228477,-1.117760492543457,-1.6366626319661737,-1.9452184364944696,-1.6570800851285457,5.5581183667480945,-3.57856978722848,4.952516524195671,0
5.8144133220613,2.8542491227155553,1.0928610142506658,-0.9200881582684814,-3.6155669993162154,2.59168514655903,0.5254894089326263,-0.28327578481286764,-1.6882422699127346,1.2994119798764587,0.9638634137471672,-0.029966403283178806,-0.8453104031505063,-1.3433059656992554,0.9586640234012157,0.2510502162948251,-0.828436564207077,-0.9408525326522067,-0.15087075804360212,-0.08090254625305533,-0.9698937571048737,-1.3976878092065455,-1.33339389287401,-0.7954370777308941,-1.1000287833809852,-1.8627985621988774,-1.6408633386343718,5.073838767111301,-3.951005710363388,4.803133214067202,0
5.420952525734902,2.558602947294712,1.1348037704266607,-0.1446444631367922,-2.953751887232065,2.0931953426171095,0.5167334993183613,-0.1471647231071256,-1.1773620191821828,1.0715519461408258,0.44484852826222776,-0.06333774213679134,-0.535129214907065,-1.1367737244442104,0.24414137930143626,-0.10946269473992289,-0.44579637922346593,-0.584933431178797,-0.6706257260916755,-0.61291971988976,-0.9095686704711988,-1.1709142008749769,-1.3259685157984495,-1.1075618879497051,-1.5820174250472336,-1.7403077813610435,-1.842464873455465,4.937234961912036,-3.341002945229411,5.062564773634076,0
5.16647116933018,2.082177889950253,0.9492777487030253,-0.4947573896497488,-3.169130370169878,1.594398633025121,0.3997350718267262,-0.261693822927773,-1.2372217350965367,0.8714324562810362,0.30928843819070606,0.0771934335399419,-0.2660730484873056,-1.0810604358185083,-0.05150746105238795,-0.03646868832409382,0.010324695226736368,-0.3014023398852441,-0.9292570493835955,-0.7243599924724549,-0.5934089234564454,-0.6169412517742603,-1.05309023022186,-1.2233901128917932,-1.5599004838988184,-1.3372476646862923,-1.5146334130689503,4.882386343404651,-3.4080019485857336,5.1518350318260495,0
4.974354740642011,1.908464067745954,0.7937137785949744,-1.1708216482028364,-3.2876094119250774,1.5312114154547454,0.38963101592846217,-0.3448356350371614,-1.6785620798543095,0.9646806426299736,0.47314150287769735,0.31993268692865967,-0.39100979146547615,-1.4458698647096753,0.31271522600203755,0.4421383338654414,0.11956475514918566,-0.5240345658920705,-0.8753003985062242,-0.27759311700239775,-0.3885004053078592,-0.37086448810994627,-0.9862958376482129,-1.0312403837381863,-1.635263687670231,-0.9377016272209585,-1.2930758943036198,4.479924511164427,-3.486336512714624,4.920694119222462,0
4.830484524648637,2.1205365689843894,0.8439315242692829,-0.5769725363887847,-2.513147520148195,1.8007998559996485,0.27640322763472797,-0.5409425731003284,-1.5411411030590534,1.146801539286971,0.479335273783654,0.04935151407495141,-0.7904493941366673,-1.5556913257949054,0.46496828537434337,0.2701192030590028,-0.38479427320882675,-0.9692594565614127,-0.9206454687891528,-0.33979834130965175,-0.6361637408100068,-0.7755974131519906,-1.4778193450812251,-1.1973566974856658,-1.8159974130988121,-1.0602293422818183,-1.6962469028285705,4.480477525033057,-2.81613598510623,5.469470500648022,0
4.770879317931831,2.4360161147173494,1.0795922312542097,-0.6768793210014701,-2.484014381314628,2.0382929605804385,0.5917934186384082,-0.06581699561327696,-1.4725854147039354,1.0207962480466812,0.5217712586722336,0.17443644624203444,-0.685695794224739,-1.5028155437111854,0.30622946261428297,0.1066635131277144,-0.5720633676576835,-1.027605194989592,-0.7939197688363493,-0.6895746194943786,-0.9262045118026435,-0.9776684707857203,-1.5554092288110406,-1.3304139347746968,-1.6390220707282424,-1.2384831164032222,-1.6648950722068547,4.20914456628263,-2.7202084690518675,5.562794035216793,0
4.072294963784516,2.4281759550981223,1.5711796119064092,0.026442813808098434,-1.6726170938124414,1.5664068728499114,1.0627668350725434,0.43619273267453534,-0.7920765224844217,0.6033434993866831,0.42206446232041345,0.5528138769511134,-0.12727093623951077,-1.1733879578113555,-0.41099982286803427,0.06730058822780847,-0.403223291374743,-0.7386400349251926,-1.219778847610578,-1.174441275605932,-1.128588304822333,-1.2716385820508003,-1.4989466697350144,-1.7084516026917844,-2.231892915535718,-1.9060454637650401,-2.0787929827626797,3.332953430339694,-1.8998469521850347,6.304861259944737,0
3.4554764473402613,1.8926177404075861,1.0859245361806824,-0.011909162602387368,-1.6242141819372773,1.3329881878942251,0.8331387669127435,0.033618098814040424,-0.7338652073405683,0.3939591969549656,0.5879557972960174,0.45857749674469234,-0.2033613151498139,-1.1102655312838032,-0.12871236028848215,0.4654121796041727,-0.19067820638418198,-0.44052460622042416,-0.9801683299336582,-0.45301402593031526,-0.5236427348852157,-1.0189620363339782,-1.3768115254864097,-1.128736710725352,-1.7794417267292737,-1.767049949988723,-2.0204848531261086,2.811392356688157,-1.8793915545381605,5.5646321457624435,0
3.4227179396152496,1.6428155718371271,0.4822229003533721,-0.782476963866502,-1.628472764082253,1.1018116010073573,0.22271659066900612,-0.46806281674653294,-1.0762769696861505,0.4671621849254006,0.6350578312308062,-0.14420795239508152,-0.6706090378761291,-1.31566766746364,0.5572388199158013,0.5321075035631657,-0.5467533462704159,-0.5295188791537657,-0.36553348183631895,0.2441178921982646,-0.4275227284710854,-1.023469877494499,-1.5156342925364152,-0.35799817264080047,-0.9291542943194508,-1.566921370746568,-1.8157536783348769,2.877352705523372,-1.7959416204690932,5.974400953501463,0
3.411500745341182,1.6369938752613962,0.7081257835030556,0.13834134677425028,-1.0446123649179935,1.144405739735812,0.08168656934052705,-0.3037821402959526,-0.647151742503047,0.7930400766711682,0.4654794948347262,-0.4006920617073774,-0.6967090965772513,-1.4017073741555215,0.6780708186409902,-0.09991024755872786,-1.041958956606686,-0.8245196162071079,-0.05825593580491841,0.019993010740727186,-0.9507948129996657,-1.4926919730316148,-1.7503294140845538,-0.49977888992987574,-0.8735322691872716,-2.1641624098271133,-2.286605888810009,2.9832443630695344,-1.2870284347701817,6.63363112360239,0
3.4381435300409793,1.6489762524887919,0.7176326445001178,0.11382319338619709,-1.2751272403635086,1.5997113060951234,0.3788285938114859,0.12002193421125412,-0.5688758124876767,0.888157854154706,0.517964040938532,-0.00019818377215415238,-0.20648401740938424,-1.0070858149509876,0.4927068816870451,-0.31182049298658965,-0.6784303091838956,-0.5738093364797533,-0.17303969725966453,-0.28342271434143185,-1.0743285991251468,-1.1210300060920417,-1.5193583191931248,-0.8129344537574797,-1.1208550970628857,-1.8728000882267952,-2.0818124773353337,2.59859907373786,-1.5827822452783584,5.329126550257206,0
2.5838982370030137,1.4883870765194296,0.5942440932663158,-0.16219317574054004,-1.4268702373822453,1.173671010909602,0.459835092574358,-0.004451353456825018,-0.6858690262585878,0.37162131793797015,0.6060688382340595,0.22908843072364107,0.13014920577406883,-0.8352654404938221,0.32022513857576995,-0.009850108737591654,-0.12675349662778898,-0.15011020347476006,-0.45102581290062516,-0.24766213057562708,-0.7386421173950657,-0.5701782190334052,-0.8327674473263323,-0.745970906233415,-1.2767612725868822,-1.0726346785202623,-1.3674885841435753,1.6128679536283017,-1.752313634660095,5.109303926154971,0
1.9241550973430277,0.9174447361147031,0.4753597928956151,0.2823936059046537,-1.3527106097340584,0.3772398901171982,0.13452881624922156,0.04395761325955391,-0.26191473135724663,-0.06093745619989931,0.00540690622292459,0.29971442589769137,0.4992570703034289,-0.7997247776202857,-0.20967237649485468,0.0480589790455997,0.39522290365770457,0.28179038893431424,-0.7132668999023736,-0.314896613843739,-0.3084583896584809,-0.035229843044653535,-0.04380044593475759,-0.821180528216064,-1.2139559946395457,-0.2807725890734582,-0.8529755855724216,1.041279935464263,-1.6936161374300718,4.891710586547852,0
1.7425369967147708,0.7388593767676502,0.4132559967134148,0.5113738608360291,-0.1856136531382799,0.12059631108306348,-0.23761004485189915,0.13870868546888232,0.18617986366618425,-0.5798588907625526,-0.5904668789170683,-0.004972264785319567,0.654448962546885,-0.5112869918171782,-0.9299600755050779,-0.3764355775900185,0.36415618304163216,0.4940993063244969,-1.2875004555471241,-0.8875762201100588,-0.6700759642897174,0.02936348706483841,-0.19508146099746226,-1.2696476327534765,-1.5253051361441612,-0.4378067018464208,-1.1364537199307234,1.0629430292546749,-0.5122957520186902,6.384101665848866,0
1.781495419628918,1.2189121622592212,0.6224947097338736,0.45621841529384255,-0.1662788026407361,0.5649174732994289,-0.05496086810017005,0.06058434246107936,-0.1821739176288247,-0.5661538150627166,-0.09715832169749775,-0.2913342442701105,0.16325911039486526,-0.6037570365611464,-0.45369777312502263,-0.3277241428010166,-0.23715967137366534,0.08291481925174594,-0.9836934138834477,-0.7052718559466302,-0.800930511909537,-0.4476388149987906,-0.8097068100573961,-0.8278253667568788,-1.1465089012635872,-1.0913171449489891,-1.4272572637349368,0.9395543360710144,-0.5382900755479931,7.3254684116807764,0
1.700297194183804,1.0966224221885204,0.4261865361221135,0.001318098702467978,-0.9241357168974355,0.7098721458762884,0.07372184541076422,-0.00961507074534893,-0.4805242659896612,-0.028764035208150743,0.4581819679867476,-0.08344507202506066,-0.17131484592682683,-0.7552650412358344,0.27643313372624106,0.18268869900144635,-0.5402612331183627,-0.2439838929474354,-0.34014822702854874,0.12121687822043896,-0.25662526602856817,-0.4721511744265445,-1.1019253036379815,0.11773148886859416,-0.2897117951512337,-0.7031274079531431,-1.2259087005537004,0.6702888600621373,-1.1735941732674837,5.165317276716232,0
1.3230614542169497,0.8047901659924537,0.4672914791293442,0.06518232822418213,-0.5820785453543067,0.42361643981188535,0.031338263573125004,-0.08820438466966152,-0.4761966969072819,-0.06923501789569855,0.45236446388997137,0.05194570849649608,-0.3397059251740575,-0.9714918769011274,0.3388828233908862,0.37664549218956384,-0.5312742364406585,-0.29490593951195476,-0.45742061859928074,0.26653776987455785,-0.13710765715688467,-0.42332980073988435,-1.0307249784725718,-0.009288518782705068,-0.6871127816662193,-0.514140424891375,-1.1646469060331583,0.5459215723723173,-0.8973404102027416,5.403947059474885,0
0.8528932095924392,0.7384537659958005,0.5699260363634676,0.18842228608205913,-0.5576548900129273,0.11742660908028484,0.18328737556934357,0.03832400839775801,-0.4968027176707983,-0.2621324476972222,0.5460303461365402,0.2685546567477286,0.07680765679106116,-1.039940395988524,0.3524783664569259,0.5438463688641787,0.04362404190003872,0.033990127649158236,-0.45130088455975054,0.24902613260317594,-0.05381056658108719,-0.3366168791055679,-0.7346437279973179,-0.2563350609503686,-1.1315377205965342,-0.8307270961627364,-1.365037188809365,0.22528636276721956,-0.9532860581949353,5.544088728455827,0
0.1712611160427332,0.4454549718648195,0.14759525153785943,-0.3216968744248152,-1.3172944040596486,-0.08385410625487566,0.21013470457866787,-0.06378062078729271,-0.6898585785715841,-0.2928455571644008,0.8940230420185253,0.4829133432870731,0.38066585950553417,-0.7402461759001017,0.6549533036723733,0.9346522893477232,0.47618284951895473,0.19527753442525864,0.13941823810338974,0.9514104778319598,0.3987570937443525,0.13887116699945182,-0.3159301361441612,0.6742608255147934,-0.0973690010048449,-0.381573306620121,-0.9108694291114807,-0.5384519495628775,-1.5787747660651803,3.202375517707551,0
0.53253034459427,0.5027000727411359,0.2467071196064353,0.09679270464926958,-0.7530479319021106,-0.05987456566188484,0.025472091134870426,-0.028628272883943283,-0.46730643294751645,-0.4936180950293783,0.3825266298651695,0.18720985035412013,0.20989336183760315,-0.7134658839460463,0.13729292657691985,0.4415433685109019,0.22357043158262968,-0.02753727337345481,-0.32538883122615514,0.44648463133722543,0.0451861872524023,0.04748150991275907,-0.26300786742940546,0.4054317266633734,-0.09142781057395041,-0.29228521345183256,-0.7082508359849453,-0.44251399756409227,-1.0868591917413142,4.494130327925086,0
0.48742412447929384,0.6156993604265153,0.6074999277852475,0.8550474995397963,0.47449802126735446,-0.16593737032264472,0.013298616027459503,0.4971604193653911,0.28232402743771673,-0.9844612227380276,-0.427971104150638,0.28014756575226785,0.5187816621828825,-0.6099132248759269,-0.8909600042179227,-0.11239884569076822,0.2864842384401709,0.14387674738653003,-1.2938075199350714,-0.5471537960320711,-0.2936899830342736,-0.03372142462059855,-0.49782512333244083,-0.45240737352520227,-0.8742446123849368,-0.4078920373506844,-1.1130272917449475,-0.47254654673859475,0.05905498243868351,5.832806359007955,0
